User Transaction Report 
User Name,Sender Name, Receiver Name,Receive Date,Credit Amount, Debit Amount,Ttype,Description,Wallet
Duttarich,Duttarich,Munawir,2016-11-23,0,4000,Investment Package Purchase,Investment Package Purchase by Munawir,Company Wallet,
Duttarich,Duttarich,Munawir,2016-11-23,0,1000,Investment Package Purchase,Investment Package Purchase by Munawir,Register Wallet,
Duttarich,Munawir,Duttarich,2016-11-23,20.00,0,Bonus Consultant,Earn Bonus Consultant from Munawir for Platinium Membership ,Community share Fund,
Duttarich,Munawir,Duttarich,2016-11-23,40.00,0,Bonus Consultant,Earn Bonus Consultant from Munawir for Platinium Membership ,Redeem Wallet,
Duttarich,Munawir,Duttarich,2016-11-23,40.00,0,Bonus Consultant,Earn Bonus Consultant from Munawir for Platinium Membership ,Register Wallet,
Duttarich,Munawir,Duttarich,2016-11-23,100.00,0,Bonus Consultant,Earn Bonus Consultant from Munawir for Platinium Membership ,Bonus Wallet,
Duttarich,Munawir,Duttarich,2016-11-23,80.00,0,Sponsor Bonus,Earn Sponsor Bonus from Munawir for Platinium Membership,Redeem Wallet,
Duttarich,Munawir,Duttarich,2016-11-23,40.00,0,Sponsor Bonus,Earn Sponsor Bonus from Munawir for Platinium Membership,Community share Fund,
Duttarich,Munawir,Duttarich,2016-11-23,80.00,0,Sponsor Bonus,Earn Sponsor Bonus from Munawir for Platinium Membership,Register Wallet,
Duttarich,Munawir,Duttarich,2016-11-23,200.00,0,Sponsor Bonus,Earn Sponsor Bonus from Munawir for Platinium Membership,Bonus Wallet,
Duttarich,Duttarich,Duttarich,2016-11-23,10,0,Fund Transfer,Fund Transfer from Bonus Wallet to Register Wallet,Register wallet,
Duttarich,Duttarich,Duttarich,2016-11-23,0,10,Fund Transfer,Fund Transfer from Bonus Wallet to Register Wallet,Bonus Wallet,
Duttarich,Duttarich,Duttarich,2016-11-23,0,915.39,Fund Transfer,Fund Transfer from Bonus Wallet to Register Wallet,Bonus Wallet,
Duttarich,Duttarich,Duttarich,2016-11-23,915.39,0,Fund Transfer,Fund Transfer from Bonus Wallet to Register Wallet,Register wallet,
Duttarich,Letchatmalaysia,Duttarich,2016-11-23,3400,0,Fund Transfer,Transfer fund 3400 PT by Risman Bin Muhamad Yatim,Company Wallet,
Duttarich,Letchat,Duttarich,2016-11-23,25.625,0,Pw adjustment as per new value,25.63 pts added to purchase wallet,Purchase Wallet,
Duttarich,Duttarich,Duttarich,2016-11-20,175,0,Fund Transfer,Auto Fund Transfer from Admin,Bonus Wallet,
Duttarich,Duttarich,Duttarich,2016-11-20,0,175,Fund Transfer,Auto Fund Transfer from Admin,Incentive Wallet,
Duttarich,Udin66,Duttarich,2016-11-20,1.8,0,Matching Bonus,Matching Bonus,Bonus Wallet,
Duttarich,Udin66,Duttarich,2016-11-20,0.72,0,Matching Bonus,Matching Bonus,Redeem Wallet,
Duttarich,Udin66,Duttarich,2016-11-20,0.72,0,Matching Bonus,Matching Bonus,Register Wallet,
Duttarich,Udin66,Letchat1,2016-11-20,0,0.36,Matching Bonus,10% Community share Fund Deduction from Matching Bonus,Community share Fund,
Duttarich,Richaryan,Duttarich,2016-11-20,0.6768,0,Matching Bonus,Matching Bonus,Redeem Wallet,
Duttarich,Richaryan,Letchat1,2016-11-20,0,0.3384,Matching Bonus,10% Community share Fund Deduction from Matching Bonus,Community share Fund,
Duttarich,Richaryan,Duttarich,2016-11-20,0.6768,0,Matching Bonus,Matching Bonus,Register Wallet,
Duttarich,Richaryan,Duttarich,2016-11-20,1.692,0,Matching Bonus,Matching Bonus,Bonus Wallet,
Duttarich,Letchat1,Duttarich,2016-11-19,5.82,0,Commission on Weekly Incentives,Earn Commission on Weekly Incentives,Bonus Wallet,
Duttarich,Letchat1,Duttarich,2016-11-19,2.328,0,Commission on Weekly Incentives,Earn Commission on Weekly Incentives,Register Wallet,
Duttarich,Duttarich,Letchat1,2016-11-19,0,1.164,Commission on Weekly Incentives,Commission on Weekly Incentives,Community share Fund,
Duttarich,Letchat1,Duttarich,2016-11-19,2.328,0,Commission on Weekly Incentives,Earn Commission on Weekly Incentives,Redeem Wallet,
Duttarich,Letchat1,Duttarich,2016-11-19,175,0,Incentives,Weekly Incentives of 175 Pts,Incentives Wallet,
Duttarich,Letchatmalaysia,Duttarich,2016-11-18,100,0,Fund Transfer,Transfer fund 100 PT by Risman Bin Muhamad Yatim,Company Wallet,
Duttarich,Imin1,Duttarich,2016-11-18,0.144,0,Matching Bonus,Matching Bonus,Redeem Wallet,
Duttarich,Imin1,Duttarich,2016-11-18,0.144,0,Matching Bonus,Matching Bonus,Register Wallet,
Duttarich,Imin1,Duttarich,2016-11-18,0.36,0,Matching Bonus,Matching Bonus,Bonus Wallet,
Duttarich,Imin1,Letchat1,2016-11-18,0,0.072,Matching Bonus,10% Community share Fund Deduction from Matching Bonus,Community share Fund,
Duttarich,Udin1,Duttarich,2016-11-18,0.432,0,Matching Bonus,Matching Bonus,Register Wallet,
Duttarich,Udin1,Letchat1,2016-11-18,0,0.216,Matching Bonus,10% Community share Fund Deduction from Matching Bonus,Community share Fund,
Duttarich,Udin1,Duttarich,2016-11-18,0.432,0,Matching Bonus,Matching Bonus,Redeem Wallet,
Duttarich,Udin1,Duttarich,2016-11-18,1.08,0,Matching Bonus,Matching Bonus,Bonus Wallet,
Duttarich,Richaryan,Letchat1,2016-11-18,0,0.0216,Matching Bonus,10% Community share Fund Deduction from Matching Bonus,Community share Fund,
Duttarich,Richaryan,Duttarich,2016-11-18,0.108,0,Matching Bonus,Matching Bonus,Bonus Wallet,
Duttarich,Richaryan,Duttarich,2016-11-18,0.0432,0,Matching Bonus,Matching Bonus,Redeem Wallet,
Duttarich,Richaryan,Duttarich,2016-11-18,0.0432,0,Matching Bonus,Matching Bonus,Register Wallet,
Duttarich,Sanhong,Duttarich,2016-11-17,0.144,0,Matching Bonus,Matching Bonus,Redeem Wallet,
Duttarich,Sanhong,Letchat1,2016-11-17,0,0.072,Matching Bonus,10% Community share Fund Deduction from Matching Bonus,Community share Fund,
Duttarich,Sanhong,Duttarich,2016-11-17,0.144,0,Matching Bonus,Matching Bonus,Register Wallet,
Duttarich,Sanhong,Duttarich,2016-11-17,0.36,0,Matching Bonus,Matching Bonus,Bonus Wallet,
Duttarich,Jicaprich,Duttarich,2016-11-17,0.1152,0,Matching Bonus,Matching Bonus,Register Wallet,
Duttarich,Jicaprich,Letchat1,2016-11-17,0,0.0576,Matching Bonus,10% Community share Fund Deduction from Matching Bonus,Community share Fund,
Duttarich,Jicaprich,Duttarich,2016-11-17,0.1152,0,Matching Bonus,Matching Bonus,Redeem Wallet,
Duttarich,Jicaprich,Duttarich,2016-11-17,0.288,0,Matching Bonus,Matching Bonus,Bonus Wallet,
Duttarich,Letchat1,Duttarich,2016-11-16,200,0,Pairing Bonus,Earn Pairing Bonus,Bonus Wallet,
Duttarich,Letchat1,Duttarich,2016-11-16,80,0,Pairing Bonus,Earn Pairing Bonus,Redeem Wallet,
Duttarich,Duttarich,Letchat1,2016-11-16,0,40,Pairing Bonus,Earn Pairing Bonus,Community share Fund,
Duttarich,Letchat1,Duttarich,2016-11-16,80,0,Pairing Bonus,Earn Pairing Bonus,Register Wallet,
Duttarich,Duttarich,Oliviarich,2016-11-15,0,4500,Investment Package Purchase,Investment Package Purchase by oliviarich,Company Wallet,
Duttarich,Duttarich,Oliviarich,2016-11-15,0,500,Investment Package Purchase,Investment Package Purchase by oliviarich,Register Wallet,
Duttarich,Duttarich,Duttarich,2016-11-15,0,100,Fund Transfer,Fund Transfer from Bonus Wallet to Register Wallet,Bonus Wallet,
Duttarich,Duttarich,Duttarich,2016-11-15,100,0,Fund Transfer,Fund Transfer from Bonus Wallet to Register Wallet,Register wallet,
Duttarich,Duttarich,Duttarich,2016-11-15,0,10.19,Fund Transfer,Fund Transfer from Bonus Wallet to Register Wallet,Bonus Wallet,
Duttarich,Duttarich,Duttarich,2016-11-15,10.19,0,Fund Transfer,Fund Transfer from Bonus Wallet to Register Wallet,Register wallet,
Duttarich,Letchatmalaysia,Duttarich,2016-11-15,3200,0,Fund Transfer,Transfer fund 3200 PT by Risman Bin Muhamad Yatim,Company Wallet,
Duttarich,Duttarich,Duttarich,2016-11-14,25.00,0,Product Purchase,Amount Refunded,Purchase Wallet,
Duttarich,Duttarich,Duttarich,2016-11-14,25.00,0,Product Purchase,Amount Refunded,Purchase Wallet,
Duttarich,Letchat1,Duttarich,2016-11-13,0,1.244,Revert Commission on Weekly Incentives,Revert of Commission on Weekly Incentives overpaid,Redeem Wallet,
Duttarich,Letchat1,Duttarich,2016-11-13,0,1.244,Revert Commission on Weekly Incentives,Revert of Commission on Weekly Incentives overpaid,Register Wallet,
Duttarich,Letchat1,Duttarich,2016-11-13,0,3.11,Revert Commission on Weekly Incentives,Revert of Commission on Weekly Incentives overpaid,Bonus Wallet,
Duttarich,Letchat1,Duttarich,2016-11-13,1.244,0,Commission on Weekly Incentives,Earn Commission on Weekly Incentives,Redeem Wallet,
Duttarich,Letchat1,Duttarich,2016-11-13,1.244,0,Commission on Weekly Incentives,Earn Commission on Weekly Incentives,Register Wallet,
Duttarich,Letchat1,Duttarich,2016-11-13,3.11,0,Commission on Weekly Incentives,Earn Commission on Weekly Incentives,Bonus Wallet,
Duttarich,Duttarich,Letchat1,2016-11-13,0,0.622,Commission on Weekly Incentives,Commission on Weekly Incentives,Community share Fund,
Duttarich,Duttarich,Duttarich,2016-11-13,175,0,Fund Transfer,Auto Fund Transfer from Admin,Bonus Wallet,
Duttarich,Duttarich,Duttarich,2016-11-13,0,175,Fund Transfer,Auto Fund Transfer from Admin,Incentive Wallet,
Duttarich,Duttarich,Letchat1,2016-11-12,0,0.622,Commission on Weekly Incentives,Commission on Weekly Incentives,Community share Fund,
Duttarich,Letchat1,Duttarich,2016-11-12,1.244,0,Commission on Weekly Incentives,Earn Commission on Weekly Incentives,Register Wallet,
Duttarich,Letchat1,Duttarich,2016-11-12,3.11,0,Commission on Weekly Incentives,Earn Commission on Weekly Incentives,Bonus Wallet,
Duttarich,Letchat1,Duttarich,2016-11-12,1.244,0,Commission on Weekly Incentives,Earn Commission on Weekly Incentives,Redeem Wallet,
Duttarich,Letchat1,Duttarich,2016-11-12,175,0,Incentives,Weekly Incentives of 175 Pts,Incentives Wallet,
Duttarich,Jicaprich,Duttarich,2016-11-12,0.6048,0,Matching Bonus,Matching Bonus,Redeem Wallet,
Duttarich,Jicaprich,Duttarich,2016-11-12,0.6048,0,Matching Bonus,Matching Bonus,Register Wallet,
Duttarich,Jicaprich,Letchat1,2016-11-12,0,0.3024,Matching Bonus,10% Community share Fund Deduction from Matching Bonus,Community share Fund,
Duttarich,Jicaprich,Duttarich,2016-11-12,1.512,0,Matching Bonus,Matching Bonus,Bonus Wallet,
Duttarich,Letchat1,Duttarich,2016-11-11,200,0,Pairing Bonus,Earn Pairing Bonus,Bonus Wallet,
Duttarich,Letchat1,Duttarich,2016-11-11,80,0,Pairing Bonus,Earn Pairing Bonus,Redeem Wallet,
Duttarich,Duttarich,Letchat1,2016-11-11,0,40,Pairing Bonus,Earn Pairing Bonus,Community share Fund,
Duttarich,Letchat1,Duttarich,2016-11-11,80,0,Pairing Bonus,Earn Pairing Bonus,Register Wallet,
Duttarich,Duttarich,Genie,2016-11-10,0,5000,Investment Package Purchase,Investment Package Purchase by Genie,Company Wallet,
Duttarich,Genie,Duttarich,2016-11-10,20.00,0,Bonus Consultant,Earn Bonus Consultant from Genie for Platinium Membership ,Community share Fund,
Duttarich,Genie,Duttarich,2016-11-10,40.00,0,Bonus Consultant,Earn Bonus Consultant from Genie for Platinium Membership ,Redeem Wallet,
Duttarich,Genie,Duttarich,2016-11-10,40.00,0,Bonus Consultant,Earn Bonus Consultant from Genie for Platinium Membership ,Register Wallet,
Duttarich,Genie,Duttarich,2016-11-10,100.00,0,Bonus Consultant,Earn Bonus Consultant from Genie for Platinium Membership ,Bonus Wallet,
Duttarich,Letchatmalaysia,Duttarich,2016-11-10,5000,0,Fund Transfer,Transfer fund 5000 PT by Risman Bin Muhamad Yatim,Company Wallet,
Duttarich,Radin61,Duttarich,2016-11-09,0.144,0,Matching Bonus,Matching Bonus,Redeem Wallet,
Duttarich,Radin61,Duttarich,2016-11-09,0.144,0,Matching Bonus,Matching Bonus,Register Wallet,
Duttarich,Radin61,Duttarich,2016-11-09,0.36,0,Matching Bonus,Matching Bonus,Bonus Wallet,
Duttarich,Radin61,Letchat1,2016-11-09,0,0.072,Matching Bonus,10% Community share Fund Deduction from Matching Bonus,Community share Fund,
Duttarich,Radin66,Duttarich,2016-11-09,0.144,0,Matching Bonus,Matching Bonus,Register Wallet,
Duttarich,Radin66,Letchat1,2016-11-09,0,0.072,Matching Bonus,10% Community share Fund Deduction from Matching Bonus,Community share Fund,
Duttarich,Radin66,Duttarich,2016-11-09,0.36,0,Matching Bonus,Matching Bonus,Bonus Wallet,
Duttarich,Radin66,Duttarich,2016-11-09,0.144,0,Matching Bonus,Matching Bonus,Redeem Wallet,
Duttarich,Richaryan,Duttarich,2016-11-09,0.252,0,Matching Bonus,Matching Bonus,Bonus Wallet,
Duttarich,Richaryan,Letchat1,2016-11-09,0,0.0504,Matching Bonus,10% Community share Fund Deduction from Matching Bonus,Community share Fund,
Duttarich,Richaryan,Duttarich,2016-11-09,0.1008,0,Matching Bonus,Matching Bonus,Redeem Wallet,
Duttarich,Richaryan,Duttarich,2016-11-09,0.1008,0,Matching Bonus,Matching Bonus,Register Wallet,
Duttarich,Udin1,Duttarich,2016-11-08,0.144,0,Matching Bonus,Matching Bonus,Redeem Wallet,
Duttarich,Udin1,Letchat1,2016-11-08,0,0.072,Matching Bonus,10% Community share Fund Deduction from Matching Bonus,Community share Fund,
Duttarich,Udin1,Duttarich,2016-11-08,0.144,0,Matching Bonus,Matching Bonus,Register Wallet,
Duttarich,Udin1,Duttarich,2016-11-08,0.36,0,Matching Bonus,Matching Bonus,Bonus Wallet,
Duttarich,Richaryan,Duttarich,2016-11-08,0.0432,0,Matching Bonus,Matching Bonus,Register Wallet,
Duttarich,Richaryan,Duttarich,2016-11-08,0.0432,0,Matching Bonus,Matching Bonus,Redeem Wallet,
Duttarich,Richaryan,Duttarich,2016-11-08,0.108,0,Matching Bonus,Matching Bonus,Bonus Wallet,
Duttarich,Richaryan,Letchat1,2016-11-08,0,0.0216,Matching Bonus,10% Community share Fund Deduction from Matching Bonus,Community share Fund,
Duttarich,Duttarich,Duttarich,2016-11-06,175,0,Fund Transfer,Auto Fund Transfer from Admin,Bonus Wallet,
Duttarich,Duttarich,Duttarich,2016-11-06,0,175,Fund Transfer,Auto Fund Transfer from Admin,Incentive Wallet,
Duttarich,Udin1,Duttarich,2016-11-06,0.144,0,Matching Bonus,Matching Bonus,Redeem Wallet,
Duttarich,Udin1,Letchat1,2016-11-06,0,0.072,Matching Bonus,10% Community share Fund Deduction from Matching Bonus,Community share Fund,
Duttarich,Udin1,Duttarich,2016-11-06,0.144,0,Matching Bonus,Matching Bonus,Register Wallet,
Duttarich,Udin1,Duttarich,2016-11-06,0.36,0,Matching Bonus,Matching Bonus,Bonus Wallet,
Duttarich,Radin66,Duttarich,2016-11-06,0.288,0,Matching Bonus,Matching Bonus,Register Wallet,
Duttarich,Radin66,Letchat1,2016-11-06,0,0.144,Matching Bonus,10% Community share Fund Deduction from Matching Bonus,Community share Fund,
Duttarich,Radin66,Duttarich,2016-11-06,0.72,0,Matching Bonus,Matching Bonus,Bonus Wallet,
Duttarich,Radin66,Duttarich,2016-11-06,0.288,0,Matching Bonus,Matching Bonus,Redeem Wallet,
Duttarich,Richaryan,Duttarich,2016-11-06,1.8,0,Matching Bonus,Matching Bonus,Bonus Wallet,
Duttarich,Richaryan,Letchat1,2016-11-06,0,0.36,Matching Bonus,10% Community share Fund Deduction from Matching Bonus,Community share Fund,
Duttarich,Richaryan,Duttarich,2016-11-06,0.72,0,Matching Bonus,Matching Bonus,Redeem Wallet,
Duttarich,Richaryan,Duttarich,2016-11-06,0.72,0,Matching Bonus,Matching Bonus,Register Wallet,
Duttarich,Letchat1,Duttarich,2016-11-05,175,0,Incentives,Weekly Incentives of 175 Pts,Incentives Wallet,
Duttarich,Richaryan,Duttarich,2016-11-05,0.2448,0,Matching Bonus,Matching Bonus,Redeem Wallet,
Duttarich,Richaryan,Duttarich,2016-11-05,0.2448,0,Matching Bonus,Matching Bonus,Register Wallet,
Duttarich,Richaryan,Letchat1,2016-11-05,0,0.1224,Matching Bonus,10% Community share Fund Deduction from Matching Bonus,Community share Fund,
Duttarich,Richaryan,Duttarich,2016-11-05,0.612,0,Matching Bonus,Matching Bonus,Bonus Wallet,
Duttarich,Duttarich,Duttarich,2016-11-04,10,0,Fund Transfer,Fund Transfer from Bonus Wallet to Register Wallet,Register wallet,
Duttarich,Duttarich,Duttarich,2016-11-04,0,10,Fund Transfer,Fund Transfer from Bonus Wallet to Register Wallet,Bonus Wallet,
Duttarich,Letchat1,Duttarich,2016-11-04,80,0,Pairing Bonus,Earn Pairing Bonus,Bonus Wallet,
Duttarich,Letchat1,Duttarich,2016-11-04,32,0,Pairing Bonus,Earn Pairing Bonus,Redeem Wallet,
Duttarich,Duttarich,Letchat1,2016-11-04,0,16,Pairing Bonus,Earn Pairing Bonus,Community share Fund,
Duttarich,Letchat1,Duttarich,2016-11-04,32,0,Pairing Bonus,Earn Pairing Bonus,Register Wallet,
Duttarich,Duttarich,Radin62,2016-11-03,0,1000,Investment Package Purchase,Investment Package Purchase by Radin62,Company Wallet,
Duttarich,Duttarich,Radin61,2016-11-03,0,1000,Investment Package Purchase,Investment Package Purchase by Radin61,Company Wallet,
Duttarich,Duttarich,FungPB,2016-11-03,0,1000,Investment Package Purchase,Investment Package Purchase by fungPB,Company Wallet,
Duttarich,FungPB,Duttarich,2016-11-03,4.00,0,Bonus Consultant,Earn Bonus Consultant from fungPB for Diamond Membership ,Community share Fund,
Duttarich,FungPB,Duttarich,2016-11-03,8.00,0,Bonus Consultant,Earn Bonus Consultant from fungPB for Diamond Membership ,Redeem Wallet,
Duttarich,FungPB,Duttarich,2016-11-03,8.00,0,Bonus Consultant,Earn Bonus Consultant from fungPB for Diamond Membership ,Register Wallet,
Duttarich,FungPB,Duttarich,2016-11-03,20.00,0,Bonus Consultant,Earn Bonus Consultant from fungPB for Diamond Membership ,Bonus Wallet,
Duttarich,Duttarich,Sanhong,2016-11-03,0,1000,Investment Package Purchase,Investment Package Purchase by sanhong,Company Wallet,
Duttarich,Sanhong,Duttarich,2016-11-03,4.00,0,Bonus Consultant,Earn Bonus Consultant from sanhong for Diamond Membership ,Community share Fund,
Duttarich,Sanhong,Duttarich,2016-11-03,8.00,0,Bonus Consultant,Earn Bonus Consultant from sanhong for Diamond Membership ,Redeem Wallet,
Duttarich,Sanhong,Duttarich,2016-11-03,8.00,0,Bonus Consultant,Earn Bonus Consultant from sanhong for Diamond Membership ,Register Wallet,
Duttarich,Sanhong,Duttarich,2016-11-03,20.00,0,Bonus Consultant,Earn Bonus Consultant from sanhong for Diamond Membership ,Bonus Wallet,
Duttarich,Radin66,Letchat1,2016-11-03,0,0.072,Matching Bonus,10% Community share Fund Deduction from Matching Bonus,Community share Fund,
Duttarich,Radin66,Duttarich,2016-11-03,0.144,0,Matching Bonus,Matching Bonus,Redeem Wallet,
Duttarich,Radin66,Duttarich,2016-11-03,0.144,0,Matching Bonus,Matching Bonus,Register Wallet,
Duttarich,Radin66,Duttarich,2016-11-03,0.36,0,Matching Bonus,Matching Bonus,Bonus Wallet,
Duttarich,Richaryan,Duttarich,2016-11-03,0.144,0,Matching Bonus,Matching Bonus,Register Wallet,
Duttarich,Richaryan,Duttarich,2016-11-03,0.36,0,Matching Bonus,Matching Bonus,Bonus Wallet,
Duttarich,Richaryan,Letchat1,2016-11-03,0,0.072,Matching Bonus,10% Community share Fund Deduction from Matching Bonus,Community share Fund,
Duttarich,Richaryan,Duttarich,2016-11-03,0.144,0,Matching Bonus,Matching Bonus,Redeem Wallet,
Duttarich,Duttarich,Duttarich,2016-11-02,0,5.00,Product Purchase,Reload - 0164980191,Purchase Wallet,
Duttarich,Vtd1,Duttarich,2016-11-02,0.036,0,Matching Bonus,Matching Bonus,Bonus Wallet,
Duttarich,Vtd1,Duttarich,2016-11-02,0.0144,0,Matching Bonus,Matching Bonus,Register Wallet,
Duttarich,Vtd1,Letchat1,2016-11-02,0,0.0072,Matching Bonus,10% Community share Fund Deduction from Matching Bonus,Community share Fund,
Duttarich,Vtd1,Duttarich,2016-11-02,0.0144,0,Matching Bonus,Matching Bonus,Redeem Wallet,
Duttarich,Letchatmalaysia,Duttarich,2016-11-01,5000,0,Fund Transfer,Transfer fund 5000 PT by Risman Bin Muhamad Yatim,Company Wallet,
Duttarich,Duttarich,Zira,2016-11-01,0,1000,Investment Package Purchase,Investment Package Purchase by Zira,Company Wallet,
Duttarich,Richaryan,Duttarich,2016-11-01,0.4752,0,Matching Bonus,Matching Bonus,Register Wallet,
Duttarich,Richaryan,Duttarich,2016-11-01,1.188,0,Matching Bonus,Matching Bonus,Bonus Wallet,
Duttarich,Richaryan,Letchat1,2016-11-01,0,0.2376,Matching Bonus,10% Community share Fund Deduction from Matching Bonus,Community share Fund,
Duttarich,Richaryan,Duttarich,2016-11-01,0.4752,0,Matching Bonus,Matching Bonus,Redeem Wallet,
Duttarich,Duttarich,Letchat1,2016-11-01,0,25.6,Pairing Bonus,Earn Pairing Bonus,Community share Fund,
Duttarich,Letchat1,Duttarich,2016-11-01,51.2,0,Pairing Bonus,Earn Pairing Bonus,Redeem Wallet,
Duttarich,Letchat1,Duttarich,2016-11-01,51.2,0,Pairing Bonus,Earn Pairing Bonus,Register Wallet,
Duttarich,Letchat1,Duttarich,2016-11-01,128,0,Pairing Bonus,Earn Pairing Bonus,Bonus Wallet,
Duttarich,Duttarich,Hua9319,2016-10-31,0,1000,Investment Package Purchase,Investment Package Purchase by hua9319,Company Wallet,
Duttarich,Hua9319,Duttarich,2016-10-31,8.00,0,Bonus Consultant,Earn Bonus Consultant from hua9319 for Diamond Membership ,Redeem Wallet,
Duttarich,Hua9319,Duttarich,2016-10-31,8.00,0,Bonus Consultant,Earn Bonus Consultant from hua9319 for Diamond Membership ,Register Wallet,
Duttarich,Hua9319,Duttarich,2016-10-31,20.00,0,Bonus Consultant,Earn Bonus Consultant from hua9319 for Diamond Membership ,Bonus Wallet,
Duttarich,Hua9319,Duttarich,2016-10-31,4.00,0,Bonus Consultant,Earn Bonus Consultant from hua9319 for Diamond Membership ,Community share Fund,
Duttarich,Hua9319,Duttarich,2016-10-31,16.00,0,Sponsor Bonus,Earn Sponsor Bonus from hua9319 for Diamond Membership,Register Wallet,
Duttarich,Hua9319,Duttarich,2016-10-31,16.00,0,Sponsor Bonus,Earn Sponsor Bonus from hua9319 for Diamond Membership,Redeem Wallet,
Duttarich,Hua9319,Duttarich,2016-10-31,40.00,0,Sponsor Bonus,Earn Sponsor Bonus from hua9319 for Diamond Membership,Bonus Wallet,
Duttarich,Hua9319,Duttarich,2016-10-31,8.00,0,Sponsor Bonus,Earn Sponsor Bonus from hua9319 for Diamond Membership,Community share Fund,
Duttarich,Duttarich,Vtd2,2016-10-31,0,100,Investment Package Purchase,Investment Package Purchase by vtd2,Company Wallet,
Duttarich,Vtd2,Duttarich,2016-10-31,1.60,0,Sponsor Bonus,Earn Sponsor Bonus from vtd2 for Silver Membership,Redeem Wallet,
Duttarich,Vtd2,Duttarich,2016-10-31,1.60,0,Sponsor Bonus,Earn Sponsor Bonus from vtd2 for Silver Membership,Register Wallet,
Duttarich,Vtd2,Duttarich,2016-10-31,4.00,0,Sponsor Bonus,Earn Sponsor Bonus from vtd2 for Silver Membership,Bonus Wallet,
Duttarich,Vtd2,Duttarich,2016-10-31,0.80,0,Sponsor Bonus,Earn Sponsor Bonus from vtd2 for Silver Membership,Community share Fund,
Duttarich,Duttarich,Vtd1,2016-10-31,0,100,Investment Package Purchase,Investment Package Purchase by vtd1,Company Wallet,
Duttarich,Vtd1,Duttarich,2016-10-31,0.40,0,Bonus Consultant,Earn Bonus Consultant from vtd1 for Silver Membership ,Community share Fund,
Duttarich,Vtd1,Duttarich,2016-10-31,0.80,0,Bonus Consultant,Earn Bonus Consultant from vtd1 for Silver Membership ,Redeem Wallet,
Duttarich,Vtd1,Duttarich,2016-10-31,0.80,0,Bonus Consultant,Earn Bonus Consultant from vtd1 for Silver Membership ,Register Wallet,
Duttarich,Vtd1,Duttarich,2016-10-31,2.00,0,Bonus Consultant,Earn Bonus Consultant from vtd1 for Silver Membership ,Bonus Wallet,
Duttarich,Vtd1,Duttarich,2016-10-31,1.60,0,Sponsor Bonus,Earn Sponsor Bonus from vtd1 for Silver Membership,Redeem Wallet,
Duttarich,Vtd1,Duttarich,2016-10-31,0.80,0,Sponsor Bonus,Earn Sponsor Bonus from vtd1 for Silver Membership,Community share Fund,
Duttarich,Vtd1,Duttarich,2016-10-31,1.60,0,Sponsor Bonus,Earn Sponsor Bonus from vtd1 for Silver Membership,Register Wallet,
Duttarich,Vtd1,Duttarich,2016-10-31,4.00,0,Sponsor Bonus,Earn Sponsor Bonus from vtd1 for Silver Membership,Bonus Wallet,
Duttarich,Duttarich,Duttarich,2016-10-31,0,50,Product Purchase,Bill Payment - 0917346490,Purchase Wallet,
Duttarich,Duttarich,Successbiz,2016-10-31,0,1000,Investment Package Purchase,Investment Package Purchase by Successbiz,Company Wallet,
Duttarich,Successbiz,Duttarich,2016-10-31,20.00,0,Bonus Consultant,Earn Bonus Consultant from Successbiz for Diamond Membership ,Bonus Wallet,
Duttarich,Successbiz,Duttarich,2016-10-31,4.00,0,Bonus Consultant,Earn Bonus Consultant from Successbiz for Diamond Membership ,Community share Fund,
Duttarich,Successbiz,Duttarich,2016-10-31,8.00,0,Bonus Consultant,Earn Bonus Consultant from Successbiz for Diamond Membership ,Redeem Wallet,
Duttarich,Successbiz,Duttarich,2016-10-31,8.00,0,Bonus Consultant,Earn Bonus Consultant from Successbiz for Diamond Membership ,Register Wallet,
Duttarich,Successbiz,Duttarich,2016-10-31,40.00,0,Sponsor Bonus,Earn Sponsor Bonus from Successbiz for Diamond Membership,Bonus Wallet,
Duttarich,Successbiz,Duttarich,2016-10-31,8.00,0,Sponsor Bonus,Earn Sponsor Bonus from Successbiz for Diamond Membership,Community share Fund,
Duttarich,Successbiz,Duttarich,2016-10-31,16.00,0,Sponsor Bonus,Earn Sponsor Bonus from Successbiz for Diamond Membership,Redeem Wallet,
Duttarich,Successbiz,Duttarich,2016-10-31,16.00,0,Sponsor Bonus,Earn Sponsor Bonus from Successbiz for Diamond Membership,Register Wallet,
Duttarich,Duttarich,Jicaprich,2016-10-31,0,1000,Investment Package Purchase,Investment Package Purchase by jicaprich,Company Wallet,
Duttarich,Jicaprich,Duttarich,2016-10-31,4.00,0,Bonus Consultant,Earn Bonus Consultant from jicaprich for Diamond Membership ,Community share Fund,
Duttarich,Jicaprich,Duttarich,2016-10-31,8.00,0,Bonus Consultant,Earn Bonus Consultant from jicaprich for Diamond Membership ,Redeem Wallet,
Duttarich,Jicaprich,Duttarich,2016-10-31,8.00,0,Bonus Consultant,Earn Bonus Consultant from jicaprich for Diamond Membership ,Register Wallet,
Duttarich,Jicaprich,Duttarich,2016-10-31,20.00,0,Bonus Consultant,Earn Bonus Consultant from jicaprich for Diamond Membership ,Bonus Wallet,
Duttarich,Jicaprich,Duttarich,2016-10-31,40.00,0,Sponsor Bonus,Earn Sponsor Bonus from jicaprich for Diamond Membership,Bonus Wallet,
Duttarich,Jicaprich,Duttarich,2016-10-31,8.00,0,Sponsor Bonus,Earn Sponsor Bonus from jicaprich for Diamond Membership,Community share Fund,
Duttarich,Jicaprich,Duttarich,2016-10-31,16.00,0,Sponsor Bonus,Earn Sponsor Bonus from jicaprich for Diamond Membership,Redeem Wallet,
Duttarich,Jicaprich,Duttarich,2016-10-31,16.00,0,Sponsor Bonus,Earn Sponsor Bonus from jicaprich for Diamond Membership,Register Wallet,
Duttarich,Letchatmalaysia,Duttarich,2016-10-31,5000,0,Fund Transfer,Transfer fund 5000 PT by Risman Bin Muhamad Yatim,Company Wallet,
Duttarich,Duttarich,Duttarich,2016-10-30,0,10,Product Purchase,Bill Payment - 0195797360,Purchase Wallet,
Duttarich,Radin66,Duttarich,2016-10-30,0.036,0,Matching Bonus,Matching Bonus,Bonus Wallet,
Duttarich,Radin66,Duttarich,2016-10-30,0.0144,0,Matching Bonus,Matching Bonus,Register Wallet,
Duttarich,Radin66,Letchat1,2016-10-30,0,0.0072,Matching Bonus,10% Community share Fund Deduction from Matching Bonus,Community share Fund,
Duttarich,Radin66,Duttarich,2016-10-30,0.0144,0,Matching Bonus,Matching Bonus,Redeem Wallet,
Duttarich,Duttarich,Duttarich,2016-10-27,0,2.50,Product Purchase,Reload - 0124001409,Purchase Wallet,
Duttarich,Duttarich,Duttarich,2016-10-27,2.50,0,Product Purchase,Amount Refunded,Purchase Wallet,
Duttarich,Richaryan,Duttarich,2016-10-26,80.00,0,Sponsor Bonus,Earn Sponsor Bonus from richaryan for Platinium Membership,Redeem Wallet,
Duttarich,Richaryan,Duttarich,2016-10-26,80.00,0,Sponsor Bonus,Earn Sponsor Bonus from richaryan for Platinium Membership,Register Wallet,
Duttarich,Richaryan,Duttarich,2016-10-26,200.00,0,Sponsor Bonus,Earn Sponsor Bonus from richaryan for Platinium Membership,Bonus Wallet,
Duttarich,Richaryan,Duttarich,2016-10-26,40.00,0,Sponsor Bonus,Earn Sponsor Bonus from richaryan for Platinium Membership,Community share Fund,
Duttarich,Letchat1,Duttarich,2016-10-26,170,0,Purchase Wallet Bonus,170 Pts Purchase Wallet Bonus,Purchase Wallet,
